SN,Name,Contribution
1,Arsalan Ali,World Forcasting language
2,Arsalan Ali,World Forcasting language
3,Arsalan Ali,World Forcasting language
4,Arsalan Ali,World Forcasting language
5,Arsalan Ali,World Forcasting language
6,Arsalan Ali,World Forcasting language
7,Arsalan Ali,World Forcasting language
8,Arsalan Ali,World Forcasting language
9,Arsalan Ali,World Forcasting language
10,Arsalan Ali,World Forcasting language
11,Arsalan Ali,World Forcasting language
12,Arsalan Ali,World Forcasting language
13,Arsalan Ali,World Forcasting language
14,Arsalan Ali,World Forcasting language
15,Arsalan Ali,World Forcasting language
16,Arsalan Ali,World Forcasting language
17,Arsalan Ali,World Forcasting language
18,Arsalan Ali,World Forcasting language
19,Arsalan Ali,World Forcasting language
20,Arsalan Ali,World Forcasting language
21,Arsalan Ali,World Forcasting language
22,Arsalan Ali,World Forcasting language
23,Arsalan Ali,World Forcasting language
24,Arsalan Ali,World Forcasting language
25,Arsalan Ali,World Forcasting language
26,Arsalan Ali,World Forcasting language
27,Arsalan Ali,World Forcasting language
28,Arsalan Ali,World Forcasting language
29,Arsalan Ali,World Forcasting language
30,Arsalan Ali,World Forcasting language
31,Arsalan Ali,World Forcasting language
32,Arsalan Ali,World Forcasting language
33,Arsalan Ali,World Forcasting language
34,Arsalan Ali,World Forcasting language
35,Arsalan Ali,World Forcasting language
36,Arsalan Ali,World Forcasting language
37,Arsalan Ali,World Forcasting language
38,Arsalan Ali,World Forcasting language
39,Arsalan Ali,World Forcasting language
40,Arsalan Ali,World Forcasting language
41,Arsalan Ali,World Forcasting language
42,Arsalan Ali,World Forcasting language
43,Arsalan Ali,World Forcasting language
44,Arsalan Ali,World Forcasting language
45,Arsalan Ali,World Forcasting language
46,Arsalan Ali,World Forcasting language
47,Arsalan Ali,World Forcasting language
48,Arsalan Ali,World Forcasting language
49,Arsalan Ali,World Forcasting language
50,Arsalan Ali,World Forcasting language
51,Arsalan Ali,World Forcasting language
52,Arsalan Ali,World Forcasting language
53,Arsalan Ali,World Forcasting language
54,Arsalan Ali,World Forcasting language
55,Arsalan Ali,World Forcasting language
56,Arsalan Ali,World Forcasting language
57,Arsalan Ali,World Forcasting language
58,Arsalan Ali,World Forcasting language
59,Arsalan Ali,World Forcasting language
60,Arsalan Ali,World Forcasting language
61,Arsalan Ali,World Forcasting language
62,Arsalan Ali,World Forcasting language
63,Arsalan Ali,World Forcasting language
64,Arsalan Ali,World Forcasting language
65,Arsalan Ali,World Forcasting language
66,Arsalan Ali,World Forcasting language
67,Arsalan Ali,World Forcasting language
68,Arsalan Ali,World Forcasting language
69,Arsalan Ali,World Forcasting language
70,Arsalan Ali,World Forcasting language
71,Arsalan Ali,World Forcasting language
72,Arsalan Ali,World Forcasting language
73,Arsalan Ali,World Forcasting language
74,Arsalan Ali,World Forcasting language
75,Arsalan Ali,World Forcasting language
76,Arsalan Ali,World Forcasting language
77,Arsalan Ali,World Forcasting language
78,Arsalan Ali,World Forcasting language
79,Arsalan Ali,World Forcasting language
80,Arsalan Ali,World Forcasting language
81,Arsalan Ali,World Forcasting language
82,Arsalan Ali,World Forcasting language
83,Arsalan Ali,World Forcasting language
84,Arsalan Ali,World Forcasting language
85,Arsalan Ali,World Forcasting language
86,Arsalan Ali,World Forcasting language
87,Arsalan Ali,World Forcasting language
88,Arsalan Ali,World Forcasting language
89,Arsalan Ali,World Forcasting language
90,Arsalan Ali,World Forcasting language
91,Arsalan Ali,World Forcasting language
92,Arsalan Ali,World Forcasting language
93,Arsalan Ali,World Forcasting language
94,Arsalan Ali,World Forcasting language
95,Arsalan Ali,World Forcasting language
96,Arsalan Ali,World Forcasting language
97,Arsalan Ali,World Forcasting language
98,Arsalan Ali,World Forcasting language
99,Arsalan Ali,World Forcasting language
100,Arsalan Ali,World Forcasting language
SN,Name,Contribution
101,Arsalan Ali,World Forcasting language
102,Arsalan Ali,World Forcasting language
103,Arsalan Ali,World Forcasting language
104,Arsalan Ali,World Forcasting language
105,Arsalan Ali,World Forcasting language
106,Arsalan Ali,World Forcasting language
107,Arsalan Ali,World Forcasting language
108,Arsalan Ali,World Forcasting language
109,Arsalan Ali,World Forcasting language
110,Arsalan Ali,World Forcasting language
111,Arsalan Ali,World Forcasting language
112,Arsalan Ali,World Forcasting language
113,Arsalan Ali,World Forcasting language
114,Arsalan Ali,World Forcasting language
115,Arsalan Ali,World Forcasting language
116,Arsalan Ali,World Forcasting language
117,Arsalan Ali,World Forcasting language
118,Arsalan Ali,World Forcasting language
119,Arsalan Ali,World Forcasting language
120,Arsalan Ali,World Forcasting language
121,Arsalan Ali,World Forcasting language
122,Arsalan Ali,World Forcasting language
123,Arsalan Ali,World Forcasting language
124,Arsalan Ali,World Forcasting language
125,Arsalan Ali,World Forcasting language
126,Arsalan Ali,World Forcasting language
127,Arsalan Ali,World Forcasting language
128,Arsalan Ali,World Forcasting language
129,Arsalan Ali,World Forcasting language
130,Arsalan Ali,World Forcasting language
131,Arsalan Ali,World Forcasting language
132,Arsalan Ali,World Forcasting language
133,Arsalan Ali,World Forcasting language
134,Arsalan Ali,World Forcasting language
135,Arsalan Ali,World Forcasting language
136,Arsalan Ali,World Forcasting language
137,Arsalan Ali,World Forcasting language
138,Arsalan Ali,World Forcasting language
139,Arsalan Ali,World Forcasting language
140,Arsalan Ali,World Forcasting language
141,Arsalan Ali,World Forcasting language
142,Arsalan Ali,World Forcasting language
143,Arsalan Ali,World Forcasting language
144,Arsalan Ali,World Forcasting language
145,Arsalan Ali,World Forcasting language
146,Arsalan Ali,World Forcasting language
147,Arsalan Ali,World Forcasting language
148,Arsalan Ali,World Forcasting language
149,Arsalan Ali,World Forcasting language
150,Arsalan Ali,World Forcasting language
151,Arsalan Ali,World Forcasting language
152,Arsalan Ali,World Forcasting language
153,Arsalan Ali,World Forcasting language
154,Arsalan Ali,World Forcasting language
155,Arsalan Ali,World Forcasting language
156,Arsalan Ali,World Forcasting language
157,Arsalan Ali,World Forcasting language
158,Arsalan Ali,World Forcasting language
159,Arsalan Ali,World Forcasting language
160,Arsalan Ali,World Forcasting language
161,Arsalan Ali,World Forcasting language
162,Arsalan Ali,World Forcasting language
163,Arsalan Ali,World Forcasting language
164,Arsalan Ali,World Forcasting language
165,Arsalan Ali,World Forcasting language
166,Arsalan Ali,World Forcasting language
167,Arsalan Ali,World Forcasting language
168,Arsalan Ali,World Forcasting language
169,Arsalan Ali,World Forcasting language
170,Arsalan Ali,World Forcasting language
171,Arsalan Ali,World Forcasting language
172,Arsalan Ali,World Forcasting language
173,Arsalan Ali,World Forcasting language
174,Arsalan Ali,World Forcasting language
175,Arsalan Ali,World Forcasting language
176,Arsalan Ali,World Forcasting language
177,Arsalan Ali,World Forcasting language
178,Arsalan Ali,World Forcasting language
179,Arsalan Ali,World Forcasting language
180,Arsalan Ali,World Forcasting language
181,Arsalan Ali,World Forcasting language
182,Arsalan Ali,World Forcasting language
183,Arsalan Ali,World Forcasting language
184,Arsalan Ali,World Forcasting language
185,Arsalan Ali,World Forcasting language
186,Arsalan Ali,World Forcasting language
187,Arsalan Ali,World Forcasting language
188,Arsalan Ali,World Forcasting language
189,Arsalan Ali,World Forcasting language
190,Arsalan Ali,World Forcasting language
191,Arsalan Ali,World Forcasting language
192,Arsalan Ali,World Forcasting language
193,Arsalan Ali,World Forcasting language
194,Arsalan Ali,World Forcasting language
195,Arsalan Ali,World Forcasting language
196,Arsalan Ali,World Forcasting language
197,Arsalan Ali,World Forcasting language
198,Arsalan Ali,World Forcasting language
199,Arsalan Ali,World Forcasting language
200,Arsalan Ali,World Forcasting language
SN,Name,Contribution
201,Arsalan Ali,World Forcasting language
202,Arsalan Ali,World Forcasting language
203,Arsalan Ali,World Forcasting language
204,Arsalan Ali,World Forcasting language
205,Arsalan Ali,World Forcasting language
206,Arsalan Ali,World Forcasting language
207,Arsalan Ali,World Forcasting language
208,Arsalan Ali,World Forcasting language
209,Arsalan Ali,World Forcasting language
210,Arsalan Ali,World Forcasting language
211,Arsalan Ali,World Forcasting language
212,Arsalan Ali,World Forcasting language
213,Arsalan Ali,World Forcasting language
214,Arsalan Ali,World Forcasting language
215,Arsalan Ali,World Forcasting language
216,Arsalan Ali,World Forcasting language
217,Arsalan Ali,World Forcasting language
218,Arsalan Ali,World Forcasting language
219,Arsalan Ali,World Forcasting language
220,Arsalan Ali,World Forcasting language
221,Arsalan Ali,World Forcasting language
222,Arsalan Ali,World Forcasting language
223,Arsalan Ali,World Forcasting language
224,Arsalan Ali,World Forcasting language
225,Arsalan Ali,World Forcasting language
226,Arsalan Ali,World Forcasting language
227,Arsalan Ali,World Forcasting language
228,Arsalan Ali,World Forcasting language
229,Arsalan Ali,World Forcasting language
230,Arsalan Ali,World Forcasting language
231,Arsalan Ali,World Forcasting language
232,Arsalan Ali,World Forcasting language
233,Arsalan Ali,World Forcasting language
234,Arsalan Ali,World Forcasting language
235,Arsalan Ali,World Forcasting language
236,Arsalan Ali,World Forcasting language
237,Arsalan Ali,World Forcasting language
238,Arsalan Ali,World Forcasting language
239,Arsalan Ali,World Forcasting language
240,Arsalan Ali,World Forcasting language
241,Arsalan Ali,World Forcasting language
242,Arsalan Ali,World Forcasting language
243,Arsalan Ali,World Forcasting language
244,Arsalan Ali,World Forcasting language
245,Arsalan Ali,World Forcasting language
246,Arsalan Ali,World Forcasting language
247,Arsalan Ali,World Forcasting language
248,Arsalan Ali,World Forcasting language
249,Arsalan Ali,World Forcasting language
250,Arsalan Ali,World Forcasting language
251,Arsalan Ali,World Forcasting language
252,Arsalan Ali,World Forcasting language
253,Arsalan Ali,World Forcasting language
254,Arsalan Ali,World Forcasting language
255,Arsalan Ali,World Forcasting language
256,Arsalan Ali,World Forcasting language
257,Arsalan Ali,World Forcasting language
258,Arsalan Ali,World Forcasting language
259,Arsalan Ali,World Forcasting language
260,Arsalan Ali,World Forcasting language
261,Arsalan Ali,World Forcasting language
262,Arsalan Ali,World Forcasting language
263,Arsalan Ali,World Forcasting language
264,Arsalan Ali,World Forcasting language
265,Arsalan Ali,World Forcasting language
266,Arsalan Ali,World Forcasting language
267,Arsalan Ali,World Forcasting language
268,Arsalan Ali,World Forcasting language
269,Arsalan Ali,World Forcasting language
270,Arsalan Ali,World Forcasting language
271,Arsalan Ali,World Forcasting language
272,Arsalan Ali,World Forcasting language
273,Arsalan Ali,World Forcasting language
274,Arsalan Ali,World Forcasting language
275,Arsalan Ali,World Forcasting language
276,Arsalan Ali,World Forcasting language
277,Arsalan Ali,World Forcasting language
278,Arsalan Ali,World Forcasting language
279,Arsalan Ali,World Forcasting language
280,Arsalan Ali,World Forcasting language
281,Arsalan Ali,World Forcasting language
282,Arsalan Ali,World Forcasting language
283,Arsalan Ali,World Forcasting language
284,Arsalan Ali,World Forcasting language
285,Arsalan Ali,World Forcasting language
286,Arsalan Ali,World Forcasting language
287,Arsalan Ali,World Forcasting language
288,Arsalan Ali,World Forcasting language
289,Arsalan Ali,World Forcasting language
290,Arsalan Ali,World Forcasting language
291,Arsalan Ali,World Forcasting language
292,Arsalan Ali,World Forcasting language
293,Arsalan Ali,World Forcasting language
294,Arsalan Ali,World Forcasting language
295,Arsalan Ali,World Forcasting language
296,Arsalan Ali,World Forcasting language
297,Arsalan Ali,World Forcasting language
298,Arsalan Ali,World Forcasting language
299,Arsalan Ali,World Forcasting language
300,Arsalan Ali,World Forcasting language
